0,1
0.41866843412290544,-0.3036779580630697
1.054226684765948,-0.44384851094481864
1.851153366538721,0.08161802680745217
0.353825042961063,0.9145993179906005
0.14447208202050285,-0.03370199334190991
1.2995289151394365,-0.43135954647936975
0.37244267179318064,-0.3486108509191879
1.0384176979469975,-0.47485070764261833
-0.9110913142021072,0.3923036056526822
-0.9675217892760595,-0.0044331023848202915
0.05094443722119212,0.38424854250748075
-0.9735734889788995,0.3160632636586574
1.8337319000283245,-0.1400492255088577
-0.00028643607736989277,0.3597718311907267
0.4779594390495403,0.8340382368671643
-0.9904958649441706,0.31753227080212354
0.9652677004335855,-0.5102120867929655
1.5172781744226502,-0.4692683604681674
-0.11175217975600514,0.881117929125238
0.8937468849501253,0.37956434542589407
0.008031167030167083,0.9029200546268343
0.7572435884642357,0.7617298316674885
0.6301240820832844,-0.5286028041993631
0.1858571958988518,-0.13714202264029826
1.5133577614205675,-0.3140685679207428
0.6603416173477902,-0.45850030826684807
0.8392846184228111,0.5447646348083593
1.1079487345904484,-0.4942385428801564
1.3936432315368434,-0.386074030861865
0.011690493763686846,0.030849405231662713
0.02085547910587692,0.27250510824211993
0.39120648448862616,-0.3264676200518685
2.124270855872127,0.5108521001682634
0.4349410964305945,-0.3859295269407319
1.320542469742922,-0.4580574501130324
-0.03384307237742879,1.0059044899622263
0.6825724961276262,-0.42514380527228973
0.3695884089371345,-0.17496202017597928
0.7576143199180355,-0.3911177980137734
0.2504061877077908,-0.22013328153661685
0.7533180618749562,-0.4245546661575317
0.9424687062484545,0.48794004957457454
1.750175398915334,-0.14907328113355464
0.7253362170309999,-0.4222977236720753
0.03732454327110891,0.9410623515973111
1.6387768037152168,-0.21411025918473559
0.02865337324809844,0.21915337342725383
0.30645702040082246,0.9916443495692218
2.047019446303122,0.2442241542942943
0.1656338683252474,-0.12080527563453547
-0.6064074241069236,0.807447616414039
1.589042946236686,-0.3710632280759565
1.0169110282399243,-0.522458773125233
0.5357961353480805,-0.35487591950168296
-1.0469289953998375,0.3637837022781986
1.5195551981830644,-0.3789700913869516
0.34915189135545416,0.8449878111579499
0.8892423135738746,0.45700496159219667
0.05874746877818111,0.18733417571977815
-0.04310381847912342,0.9962679689718441
1.0067999142194828,0.1702251776738024
0.4940151478109374,0.865830206875177
0.975831239300289,0.24717106396369037
0.8995517153794514,0.19429881370726887
0.1095948304529257,0.9940202853677749
0.2645444799573723,0.923663532846723
0.9837383183627691,-0.4832530883819128
-0.4310048551752758,1.0404537999292551
1.4373840401710745,-0.39855325555175064
0.5930427740697176,0.793666692038543
-0.7086254611454644,0.7538034835484622
0.9121979182787794,0.3781426283945552
1.8108628997600276,-0.08263785321963424
1.331633365093614,-0.4716741276308374
0.2580401003294846,-0.20591135867482674
-0.630727383659201,0.7731902879817878
0.8135434698712317,0.6603016600336994
0.8654339966684862,0.2764842069132007
0.29087785038085073,0.9322067681990794
1.2233109224577488,-0.39111976655688524
-0.4690218947311683,0.8541594084248124
-0.23304818367088243,0.9034062546801253
0.9234183038243291,0.5823735041575714
0.04559831181752893,1.0426042768642836
0.9061936253088266,0.4404661481989258
-0.6773921620828675,0.6169781262664054
1.7684057015694385,-0.19459325749830136
0.0731636200368395,0.08526964545375718
0.2608058567329229,-0.2728807160284252
2.0419690278669522,0.14247578232316105
0.5733911311347267,-0.3161382682491063
1.3485832678244025,-0.5267167935591186
-0.9204032577093035,0.4350014656264819
1.8084786257285475,-0.1032807984415012
1.8415462531873845,-0.1374119939456149
0.7470695915150838,0.611027539933251
-0.04809913739460919,0.9051353540762335
0.952935221833457,0.07701349610300148
1.5185740535197707,-0.3273300935283805
1.4313565589323478,-0.375907117544652
-0.9162136223744624,0.37028828228294786
0.030935566644913565,0.3494415772711662
0.9046952032822966,0.3898104433097819
-0.6560518237225204,0.7960563098098868
0.32950987424626443,-0.1862855612385738
2.0482407061651746,0.3898348927845205
0.8564016002027909,0.561391603051386
0.9979251667160994,0.13984214939831752
0.9780724029979249,0.41232799184115604
-0.8959432217675554,0.3159118252047752
-0.2516953715002702,0.9089413837721465
0.8890810979002818,-0.5584551591808957
-1.004143522049409,0.34852657819641075
1.2623208217529744,-0.5327090219715427
0.20509528917706782,-0.06736290801171455
1.8526427511590042,0.062392424659629256
1.92949175439327,0.10345101628484721
2.0763084307840285,0.4519694861787691
-0.8180702849802309,0.6040879284600458
0.24615794524924683,-0.18714983069000019
-0.8224390792877448,0.6086435766836777
0.164809454070728,0.9843108825992963
0.43826650761622454,-0.36979308283957535
-0.01477648247359456,0.21840617293195744
-0.010401412503848573,1.0231963665687323
0.5691802533962842,-0.28441617832870447
1.3515046147490295,-0.3594328757354075
0.7875113295174578,0.6116979012072373
1.170991102765151,-0.5295419632786159
0.4316375007408504,0.8670998827194797
0.2793445526427857,0.946768217272732
-0.9868488893481453,0.34397820963233666
0.17517394183609913,-0.01961466497146149
0.3925883186628588,0.8861126215950248
-0.9715359558393409,-0.028887458161789222
0.615425588288745,0.7671759668697935
1.9015346107698887,0.08429787497928887
0.04903534268807909,0.1288727930017321
0.042136962047638386,0.3675444965093705
0.6266264586820564,0.8641880036030503
0.02772630741252704,0.13020619302041703
0.8375783414291175,0.4739050752261653
-0.5827675894392399,0.8950560489378869
0.834323225495315,-0.47720433404877294
0.8711455170038551,0.596221592481257
1.403231584535005,-0.3287164522803391
1.044909977552813,0.2809986338344534
-0.5752420926858695,0.8287680443077411
1.8575651616556084,-0.2952549636240783
1.3909419376928713,-0.4355268124195895
0.3810481031881235,-0.24801213131910252
0.6559969641887934,0.860558197400022
0.8528426901138567,0.44423800149280324
0.6912436558972163,0.7097832803664
0.7511491810427382,0.6686127253862725
1.495219205618437,-0.34642491059992986
-0.9721297056388556,0.2260540620831628
1.6457272482209502,-0.2581588640660416
-0.8102828590152827,0.6085974668896982
0.7841250164359624,0.5380938298431367
1.929028595329046,0.04486855484407277
1.1242641787845806,-0.4664748333594306
-0.1242260449178512,0.9579961351034246
0.7830106194121099,0.5958004205959015
0.3778700156847495,0.9178273049368333
0.43813759871903335,-0.33191823959460465
1.7495397201296483,-0.08250935141547514
0.6777197326646379,0.687199166645182
-0.1483160794922009,0.993595307145223
-0.3507411657466927,0.9162215642713901
0.9971490661103496,0.31607531365872243
-0.781129612215149,0.5620067856213746
0.9718213130727805,0.08761129981361893
0.9204974007340251,0.3700031274524973
0.20418058081129345,1.0272469367326025
1.036648474220724,0.22871967259439596
0.1602120476546593,1.0325261699112247
2.051545056993502,0.42586697132618406
0.9649307250001344,0.06670911737962129
-0.044909315478588285,0.28466755562435897
1.3792000202265258,-0.4719015396510739
-0.8510133020462903,0.32394624819341533
0.5676573036324707,-0.45400283247002776
0.03385509159709793,0.1555578044778138
0.25809766394607453,-0.1968620880603789
0.9495433794874116,-0.4957088240225072
-0.4356268829963989,0.9155718006040109
-0.9805440239735452,0.275628626926471
-0.9448815027774566,0.1221997199746546
-0.030396034960050396,0.3463863133601064
-0.3272497684096423,0.9215311163712551
0.7459013129396139,-0.5639747031426197
-0.5528594189345393,0.8590897370327705
-0.2571426478199763,0.9408585029816406
0.042401657408526555,0.3735902427823372
0.5529663145786942,0.8390978797107425
1.2648531225430752,-0.4573802683326158
0.2381518494611217,0.01960677495882114
2.019910816087663,0.42251704023490394
0.8777753183804358,-0.52622791418488
0.892630953637499,0.55381644917412
0.8320532625938806,0.5967643362146606
0.27296372906741084,1.0013046293028247
-0.9722993575156307,0.1697012453821053
0.521767450150655,0.7374331464733936
1.8166592482049406,-0.011385024333604263
0.2630357695673656,1.1255955873452588
-0.06853686718249735,0.9564057188878654
-0.4786595313727092,0.9207349078489249
0.7602802583688852,0.6154744609152262
1.1419270282467475,-0.47394680734062383
0.9872599490199184,0.24512720618440959
1.0495611381803922,0.03483230956615986
1.1431233713350497,-0.46039149441270005
0.7830519908017328,0.7394390002159391
-1.013522522380176,0.024442660997584062
0.2443359339453964,0.964411769679998
-0.6188107049396289,0.739877686751343
1.3548275651285389,-0.49276248824728464
-0.9008027508574239,0.32511357598644425
0.022439527921238586,1.046206980299117
1.0770682778925198,-0.5052773097700333
-0.9468134484244621,0.12600926209867166
0.308272289470563,-0.234810243664164
1.8328174350308988,-0.05158076218833248
1.8788114462373044,-0.09142276516713124
1.728834233072012,-0.20663101800825934
0.07703187315230339,0.11540027590513889
0.16241692564449056,0.9024261495269235
-0.9441647123912976,0.040096678783420936
0.6659376085099764,0.7698045777883362
1.3810084205871893,-0.45711630255215996
1.9771866560761593,0.3862279362304788
0.7145135079004987,0.6758818735005239
-0.880785189108884,0.5289334870980156
1.4872677309580842,-0.3626118572973156
1.017081772330917,0.14908833473681066
1.547870099658685,-0.29084523528280815
0.6678883096547106,0.7236466090268738
1.7019493685509473,-0.2581503079014689
0.3753144337765466,-0.3247529807422196
0.6645967816729943,-0.3681801829472519
0.34984211037907226,0.9054367530563233
-0.8336649508489419,0.5387672770065411
0.6285512868522306,-0.3331023136985924
0.5831690073941246,0.8423746559118414
1.8011484858879145,-0.1305467396852795
0.7996957929821796,-0.442521303685321
-0.948763864875241,0.2730244947640828
-0.6073100531148364,0.7331601105191241
1.8983218764094245,0.17743048825109087
1.971626082392909,0.24711898246833439
0.0698503522016405,0.9529180048069384
1.8930761770681876,-0.006951724530672743
-0.3018787777281133,0.9810020919879151
-0.6190650970597738,0.8331098635369151
0.025219687127545534,0.22983935143295708
-0.7867227564208547,0.6634630384544189
-0.8473443818685288,0.27210079334530834
0.32993103188475337,-0.31747371526550183
-0.4997901406217897,0.9933798084692068
0.8077996585660964,0.5941090525464203
0.4177604341195327,0.831026815212983
1.9696684076816464,0.5065829755189285
1.479403454604327,-0.3210949834456822
0.6758203351207913,0.6851285984899197
0.6897216634349735,-0.3766169243904651
0.28026315793390844,-0.18150348343878808
-0.943705699980704,0.23978376432055748
0.9807876194975447,-0.49392884698232803
2.018870583360454,0.3649659249711745
-0.6888808230479841,0.740567742685118
1.0819994812272566,0.184099140545842
0.6870900093796887,-0.49159274485235993
0.6143048900213655,-0.4191897899286471
-0.29398671088364314,0.9311382865414112
0.3080291674564646,-0.13358981370546452
0.7248977299275484,0.6622365406373363
0.9657118022194896,-0.5243719299614227
0.6616509321357084,0.7218589047152757
2.0423841188596046,0.35949590173881657
-0.17200438665905177,1.0107818019609
0.7599058549289063,-0.4001927387852878
-0.023191042480180835,0.3073313716907101
-0.9112342860432979,0.30882984574350025
-0.5795665351016865,0.6367242259030882
0.0005472119013164023,1.0371585246690809
0.2608081501162375,0.9157963133183268
-0.914733105444477,0.5497637241793591
1.7462053785712004,-0.22001195678677044
-0.5544548841827395,0.80660846445414
0.5268392552252235,0.8901021531417546
-0.9395048962302415,0.03113129266313975
0.5109396887227619,-0.3161997199617926
0.9361009626258017,0.581329239601234
-1.031699968559923,0.12355300404047594
0.4071080928037041,-0.24864061649499136
-0.19621376596536236,1.080805843009122
1.917594728581357,0.2252037643493013
0.33407237861229466,0.9575275301704478
1.9431530639496621,0.006378038740012491
-0.8859237763959402,0.5412549110494468
0.19843217550928305,0.9612925694443398
0.9679572765012154,0.14790474293984535
0.4231737606520091,0.9110629586726446
1.960077228191606,0.23720705544432266
-0.6081309353766285,0.7938994923169685
0.6706769048370343,0.6300491154466139
0.40716205790098514,-0.3044063347738326
0.26567730025338626,-0.2124222931719968
0.012145651151401933,0.2691529497449031
0.9845867161486699,0.11271219761597687
0.7603925111499772,0.580168688658611
0.8993679107200526,-0.3935655835207863
0.06528327924980329,0.40586256074421645
0.01916536331821833,0.9490978737177678
-0.666518245411286,0.7084044034054618
2.0098776790038073,0.3178929907040176
-0.04465594823448074,0.9648029672840258
0.13417497659764122,0.9591652814518422
-0.6540857227690671,0.6934508253932193
0.23413095420994412,-0.10177097017307082
-0.44803358813980726,0.9720776545550054
0.3373194781764255,-0.17805572088751848
0.11359104039789472,0.10731328408238305
0.023802912573767265,0.3673665794510242
-0.8130402340512364,0.5821458339745379
-1.0138447191568434,0.15357718196386622
1.935598265274757,0.3875599814852123
1.0100405459924833,-0.6019564037081132
0.35100256236933425,-0.2141247406943766
1.0319386954127343,-0.50672138316928
1.6636821131400699,-0.24171729323777674
0.6817115584113902,0.6928617353427692
0.8606044867918358,0.5022226377761313
-0.7057227723877391,0.6706239104971585
-0.5628487996567801,0.7662512041226391
1.1453523974612352,-0.5438058725392543
0.25501326614881237,-0.2821459502011857
1.6709567368221294,-0.19681079659345277
1.7250201847998707,-0.18735440250906252
0.9354103755515629,0.2302133319244675
1.968898130198747,0.22813241618112298
-0.5167821072078448,0.8597599428075838
0.7705217238229933,0.5817826709588182
-0.8748235818086789,0.6666879770758696
-0.454219836613122,0.8993325378548681
0.10274598357885606,0.01095176238401304
0.01037465387339104,1.0041765738871393
0.37530194600007427,-0.23907066167390928
0.15011530276531782,0.07219719767042462
1.9721340585223144,0.2879532705132477
-1.0958055927492216,0.16704094364075256
0.23728113738970733,1.0231358685232845
1.696251997337669,-0.2175565926557136
0.6971507772176591,-0.5238942205077927
0.9329218599994408,0.28752297678727157
0.5363261407041755,-0.3176931436978293
-0.997162725686208,0.3089977987095122
0.42288357609237426,0.8846536870813032
-0.3119619699568198,1.0200978184593035
0.5049465917482971,0.9321339961567585
0.9881989429497255,0.35037525312933127
-0.9339179020956063,0.5491852758324904
1.835932111565405,-0.025521283087875987
-0.44640895083931237,0.8349004431102963
1.652319279458788,-0.3628351466214074
0.5408217982734967,0.8273006314886621
-0.6789939088971645,0.6346876844407242
0.08160716721132993,0.9412284458468069
1.0305322373883077,-0.5472680087020596
0.03768272673192376,0.17557331873028478
0.8877926760587878,-0.541006852484953
1.5297204618166336,-0.2707970614902394
0.32398975930131535,0.9775955020080788
1.876381572133791,-0.11921358985422299
1.1404102604531188,-0.528431851371419
0.4337047080615074,0.916032334584784
0.9387721452198089,0.3057531129140471
-0.7413162751429156,0.7044423563961388
0.22670530739676809,-0.07427092315924086
0.19474031598067296,-0.0850233892027324
0.6313205693025212,0.7703650676816878
2.0293514828485,0.37032259038543097
0.06320771560779703,0.12056160511071295
1.2071368091298733,-0.5250255496034448
-0.6059406785484349,0.8462556198739093
-0.4467186377603166,0.9495906530564597
-0.5634823672223861,0.8398556854664201
1.2165693045307857,-0.5297008687910324
-1.0170142097053843,0.1792798746300301
1.1246424819523018,-0.4607864992651139
0.9082713400235641,-0.4703667547301202
-0.5097043010833522,0.9708827501136188
1.8504173227589966,0.10336712137961063
0.5764563084561131,0.7406351761125728
0.22191572174991256,-0.11540464948474874
0.9065007236617021,0.4232174264929144
0.7572525266907755,-0.5109412304392723
1.4980376055808957,-0.4043492993464195
0.05162819017133846,0.17221764488308355
-0.8682079164271677,0.4823176907061025
0.5676281294506679,-0.39753406412434283
-0.46431144521219003,0.8578543381067144
0.37921220362780306,-0.2753918002318632
0.8789748733958981,-0.5215207055722175
0.004050263492318906,0.26938190807033013
0.017196495830461726,0.23339622239693628
1.9606556297395363,0.3875786595197269
-0.9034949530476463,0.34798533294583656
0.16729084084894658,-0.07254098326670105
1.918093973609524,0.24008283822225465
0.7687278921166643,0.8237559600621818
1.1502584918330996,-0.4955104390094977
-0.25176440467521966,0.8562112731238256
-0.22923466501648848,1.020951151604987
1.816888411990374,-0.12315135026503321
-0.8649940544012171,0.4695228854195362
1.9156592735686444,0.12939996616426175
0.7416812819522672,0.7625414386534034
0.12698378977175484,0.20291488828048354
2.011120050357718,0.437613925787939
0.6996094921553858,0.7552049595169172
1.4584832167914596,-0.32782072563476233
-0.03353747492050996,0.1688381585321699
2.015913115318941,0.35120911764768076
1.4332014709594163,-0.39064609254458854
-0.1914319703816046,0.946187697724798
-0.4124422588733791,0.8748968164151132
-0.7305587638234935,0.6765434714175429
-0.9914318313478364,0.29016222977344336
0.13816028257432983,0.1748312848469739
-0.9027399464477684,0.3954994197284076
-0.21849488986660176,1.0216373419675164
0.7030302983566505,0.7837334869845132
-0.666677700241198,0.6665840933647765
1.6593893380378737,-0.2895937219085804
-0.7773378239300058,0.5876477415176322
-0.3758194250099473,0.9081664682353532
0.2912683420289527,-0.2392157059162814
0.2284384716043483,1.0351686175390127
0.3323106786263631,-0.143588480696599
1.2288264608409007,-0.3959452760043501
0.43102749627755943,0.8839678806144288
0.02975660759894948,0.21242481323753143
0.9892852909849914,0.23261859614135866
-0.4107570512874891,0.8970272982203031
0.41296225703437284,-0.22173255830000588
-0.7196298553983075,0.7710934500277911
0.277870318122569,1.0092190531191845
1.3668808255661316,-0.33739276237942867
-0.18469769559324262,1.036369427309978
1.0206754632154649,0.03244965567029169
-0.5949123581805182,0.7591881262535021
0.0670142842244256,0.037486404502218275
0.3212029836331588,-0.21945515891618933
0.8984181755836396,0.42823714582127526
-0.8547211161128196,0.6962893850999361
1.9092045982194992,-0.004849135882042853
0.8343561964152566,-0.5471890408035498
0.6180154923957486,0.7064313676708762
0.5994652442973843,0.9313197586023182
0.9964432292054242,0.03169260730751872
1.4667443162647837,-0.3943358518827008
0.0161715506197397,0.46133947221253696
-0.9391894685369763,0.2130261421721248
0.9330155240515182,0.6347324896544443
-0.07420235859085704,0.3924028217949179
0.07776394434494203,0.4192275834904612
0.9205524032536234,0.47400678473798696
0.07421398313067899,0.1901333949115928
0.0496167695969693,0.17829529614419654
-0.4522913116941747,0.8298912820040605
-0.9514379545823471,0.271185056063656
0.47709814453083277,-0.4461277998945251
0.9975103116465849,0.3457898186844801
0.8055571175363356,-0.49881707970029143
-0.10039264420445214,0.9746451738742562
0.51560253274189,0.8939883814064392
-0.7873682310241711,0.7176858549715341
1.92062116904675,0.339957647912374
1.9338570737385528,0.18838846496380002
0.924133096728252,0.3346902968478704
1.8083118821512314,0.006818726920031548
0.09445789433954764,0.016273821977683664
0.7683350883869645,0.7841058874029296
0.08917959910763794,0.3166614725403102
0.662955206322912,-0.4925859358740535
0.8563225300687536,0.3647325963278462
1.2224769554430956,-0.531512928135632
1.9627800812359404,0.14043571468678867
1.837628292648099,-0.03697597774686773
-0.07161080466949066,0.3461428400558312
1.5103178139864268,-0.32834583165454423
1.5728484479470601,-0.12679626964207497
-0.5643980190660675,0.8087915954842227
-0.03797212824928861,0.2706979271537586
0.34233932915987175,-0.260124768221213
-0.6806238339779327,0.5913768599450985
1.00236714283642,0.21452584823006443
0.9543411262475274,0.35919102835308786
0.8075223387358742,-0.4209508118031837
0.4767336394581442,1.028743600875274
0.9885992972637425,0.2178195843708255
0.946663432134637,0.3933071842202971
0.7059494489098096,-0.4227098678583472
-0.737512161239196,0.7106645848816484
0.5184274394176202,0.7672939132676134
1.3450772297412232,-0.4252167357838228
1.8292223712340347,0.036864637184829595
1.3771753033614362,-0.4937011776507359
0.7325372379587309,-0.49040254678449435
0.48284654967736473,0.8176818266178857
0.06492306131062894,0.9657243616602961
1.3846410816820707,-0.3931938291362737
0.6271657974032087,0.8241429039156277
0.06800147981881155,0.6036106654555118
-0.8537297275585771,0.5029358547270765
1.900060717364768,0.08189191433177112
1.4955757946584074,-0.45436634748261073
0.9440556419326314,-0.517882882210916
-0.6784545240986128,0.7492757139604088
1.662464498029334,-0.26061623114789534
0.9649655990795146,0.3778625843779289
0.9049630036561129,-0.43608721144110185
0.9893852511261524,0.09703751892265777
-0.303989594017146,0.865163861646071
1.0004479122516838,0.13183706321253147
0.00930538777054436,1.0374495126628958
0.06687913251463035,0.9719624092944132
-0.8873051610324527,0.4398843657556375
0.04299421024261167,-0.021078203593968507
0.8591073371324788,-0.46614838629434924
0.13280562999878315,0.9409783048330341
0.4363172513218251,-0.33581410509743675
-0.8438768798746383,0.3774409805750101
0.2997017975275399,0.9496245988111489
1.6166351117283968,-0.32712599124554165
0.016025152929969644,0.18216481337237642
1.9604827842779577,0.18734978012014325
-0.8903606883435438,0.2895408899261814
0.2917722180626965,-0.13590643901770577
-0.21666069656529313,0.9861298932035812
0.9132494745210218,0.45443782039414177
-0.9424602199021983,0.3274318159601366
1.8599248992401027,0.047311371411610015
0.9722855169260158,0.48997856627421704
0.19678518155403937,-0.07693179102993775
-0.8521537325924876,0.44747792136077436
0.8867357213061435,0.44878657079723
1.788064286823881,-0.09894966530525008
1.3116140635627505,-0.39872615670614564
1.0262827840877762,0.13532335580022684
1.1286221529732077,-0.4903219494478707
0.021649430246589482,0.31411970009350654
0.1749289224002536,0.007166924274721903
-0.9366379302658064,0.19109278298224153
2.006033004394302,0.524770918937467
-0.8035943467313887,0.6109778355800485
-1.0018508012197718,0.09463173799528429
1.2976265398438416,-0.44480818611399203
0.9999055423307012,-0.5490257167825516
-0.6412294139422786,0.721611622060421
-0.9653948939441256,0.32114589378109587
0.7135035301493986,0.5407855607578828
-0.17531543276490774,1.0049971860084506
1.5981866385492176,-0.31554060233310655
0.47049915282060495,-0.3639842455256879
0.04239345027134692,0.9880377955278552
-0.9743794552607675,0.4148475708223923
1.647525194437427,-0.2119977805567192
0.3454418552647529,0.8624241442635442
1.941729824200526,0.07849361341076827
0.8639727403747782,0.562253848545316
-0.9595609585456394,0.20487495125945973
0.4910862828374698,-0.3681881282446594
-1.0374058409425992,0.11188118446837664
0.5595397300376524,0.9024871957121241
1.9661392070326418,0.10412106700967005
1.3903603214171059,-0.4001051692308611
-0.34846887516856706,0.8658646442205883
-0.5924377303658561,0.7893469874194914
0.6437536291375106,0.7176116901985928
-0.12925775525788946,1.0173356746145736
-0.7518851608547543,0.6712091297789032
0.1198469557323958,0.05358669713846309
1.189908322080782,-0.42957035098630747
0.8093874022362255,0.5466810111886347
1.2311113565678526,-0.37401613847092924
-0.16046010356514875,1.0055927152186894
-0.9246268151968146,0.2588247231198507
0.2674157888295005,-0.1693533535128897
1.6018629974920249,-0.21266972232613826
0.1616027737854411,-0.111826388789027
0.31498718042887347,0.9529198232098198
-0.7760855036309315,0.6134970250024303
-0.5582204075280562,0.7866593188279593
-0.6522003321114779,0.7049874097521575
0.8626102471775285,0.07006940549339268
-0.5409274116815784,0.7519996094256455
1.9222434852917372,0.006244164659774856
-0.5355267196755559,0.8956239241414204
-0.3533033251960513,0.9456495791432766
1.7411128509000557,-0.06545141586690004
-0.6053513573886719,0.8309496582926207
1.995761705584221,0.22322782704654381
0.1012796634590316,0.9395332833830211
-0.3965942450838057,1.0253621451537358
0.9566077932143789,-0.5132824627631652
0.034222774824809815,1.0532514372060573
0.7653766775931463,0.6572185227536697
0.9676900564698755,-0.5113321490985273
1.8627698718024583,0.022136538636283582
1.5954150850134985,-0.13729476328662069
0.8977504641998282,0.4992014706916548
0.013728641332439628,0.40838638904431523
-0.46702457222967764,0.8215026244863868
0.6092008253682121,-0.46409046539825943
-0.8868481701922428,0.3792297534644262
1.781147969567493,-0.057556083847606535
0.7248493443327817,-0.5066639548201575
-0.9085177684706962,0.10857704176258992
0.306292897120764,-0.26562192069957036
1.4596611000807234,-0.36995100620545013
0.9724662452178945,-0.49394393921743596
-0.03903575924002543,1.0366071820203093
-0.27608118620566363,0.9181004695684394
1.8784230787855878,0.15460046397139554
0.3143900140783084,1.0060208448764267
0.6623884329415584,0.8785890398471168
0.1909155565606784,-0.03973227504286365
0.6581328381425157,0.6530154513357178
-0.9132926174690803,0.002249726701321869
0.8496673107741314,0.6760471472349924
0.7944253760028791,0.5580656338879058
0.7352114423729763,-0.5202692092298
-0.0474986069777239,0.46655277697478076
-1.0192154174214656,0.23487863601221212
0.567053220892971,-0.45001764184423626
1.8491780747730744,-0.03212580435354903
0.9578539775308575,0.3740788356138218
2.0066562789127103,0.25839940873705625
1.1051545883246257,-0.5118564400788433
-0.09342197650491192,0.9500003380797554
-0.7621132952688049,0.5764799326701414
0.5584691282472434,0.8565450132318594
0.2848557044115301,0.9278233634931548
1.8427753879382902,0.038089523138088416
0.3858430666986758,0.999516547097407
1.0159329080947603,0.2024529584524683
0.9761598334966963,0.26344186811486614
-0.8099551460786203,0.5453948815790228
1.689980432501681,-0.22637827206885586
0.23156859309212943,0.93683668707217
-0.6644461782320914,0.7226737581904031
-0.9965402370836188,0.27241785867454715
-0.9894273000568045,0.23675725941897333
-0.01185952719003638,0.35722872044114273
0.9875268878347647,0.513917345099298
-0.08501481630762496,1.0168171538231383
0.10152916730602723,0.14207462411721677
-0.40135305781460895,0.84793532675418
0.10466121548778115,-0.04242343796040001
0.9866087447762223,-0.5163740235369408
1.8760540926116263,0.4391373714758371
0.9772281326119343,0.01704502290813399
1.9299576711054796,0.3724178489192918
-1.0831410876128245,0.01848540727556952
-1.0575633506754243,0.34125025831137173
1.9550088107952583,0.3479853299747536
0.2712339623963527,-0.22546526539483788
-0.2483105832686516,0.9040693069401148
0.009123733516900202,1.039940001985021
1.9610266784608696,0.41210160402039314
1.9977370643125352,0.4142282419728235
1.9503482720962602,-0.0534070252947961
0.06556538231662826,0.018360468865785663
1.968967382240027,0.4157852087722266
0.07626197917841386,0.9336946285391076
-1.0536363951249257,0.4344634504654263
-0.6739072814789328,0.7137589645260066
1.5666020764294484,-0.4581451036211548
0.9807211330843779,0.46978272369407365
1.9592979145140255,0.3534124596186696
0.1529952017664729,0.08577762451516245
1.091632035761676,0.1021380687835321
0.8598796512818483,0.4897865890223291
0.06449632265501262,0.20614944117632164
1.9279268742615046,0.4716868255116797
1.9560746388072972,0.17426705608926027
0.6896576327028643,0.6065052547037413
0.16794246005224864,0.9510488333815279
1.0081655627514583,0.22563741673313253
0.008641658725660731,0.39001450352761635
0.18077031027590734,0.180377706873591
0.1778891044967123,0.0243878840026487
1.3623068861087433,-0.4186019750185602
0.27605723305296265,-0.16035877917239658
-0.6549063451426335,0.7255588947734758
0.3590505549094739,0.9476936389893638
2.053140009275364,0.3094134692090404
2.0252732889288416,0.4170832388082616
0.9613447792159394,0.05702626440049201
-1.073635306911582,0.019780641104230473
0.7302159621330756,-0.4489022370994586
1.8678857778992008,0.13981644345646704
1.1259145439721456,-0.4362333008736032
1.005155296773211,-0.4697004093939809
-0.05500886409624382,0.9268249287842789
-0.14314485699851526,0.9581233923079782
0.4516422870319338,-0.2823753385747974
0.079211366041904,-0.12244569207654618
1.8480505608877111,-0.27385721728508816
2.0645731329114874,0.3217638499857048
-1.062284217047848,0.23361321172445476
-0.4895337331485099,0.8968698568563256
-0.9983606241476337,0.44446381852949013
0.4943429048377242,-0.28442923469490333
-0.3414032568802015,0.9156889424693265
-0.8910007481485995,0.38316114592817113
0.48624572251516673,-0.3431310941547357
1.4285104404256608,-0.3975030529418325
-0.9201967129211752,0.2906858718182216
-0.42704284499767226,0.7570298029020371
-0.8231194722044409,0.5499527065905236
-0.08419754665565833,1.0666547962516963
0.14649883690565219,0.07065909841560836
0.15479694799901855,-0.0920369345157674
1.4009195720454435,-0.3852904789741916
-0.13089472002989644,1.0684975675075465
0.4585806610802864,-0.37290738844187243
1.0157006672988167,-0.5224147798362551
0.9913261486336186,-0.4514798636738773
0.8337278832473964,-0.42869441801239117
-0.05409245592493861,0.2161435158892015
0.996910479802137,-0.4907826563030603
1.7369891934741348,-0.1769463999407479
1.7476599683826541,-0.05672469355721998
0.07086017399956134,0.9292268766980638
0.0009957584914077541,1.0499043497329525
0.5150237931184496,0.7855457766951787
-0.09119399885319268,0.5253831416991143
-0.5927123434319395,0.9227706476216916
1.3792087210854655,-0.46119852330960714
1.136063346595292,-0.5128877796460622
-0.8521572756858212,0.5297528544008289
-0.0023998940073549496,0.2120264864869463
0.46615147114116523,0.7867665494604607
0.5874979784999995,0.8937260906817734
0.2114222534446567,0.9506966732650607
0.5800590843606803,-0.30662047250942953
0.7473655051405872,0.5607056814680603
0.2088342608837467,0.9944977212350624
0.10260174406219752,-0.08740993572137196
0.7260599515317444,-0.40692513869634844
-0.9893417925277042,0.2037206663717081
2.0098371552680088,0.33982881921156066
0.18695347724589578,-0.06702778779466753
1.677942725449278,-0.22970606510837902
1.0883506417529203,0.21243138657139907
0.171789548771477,0.9119663551676399
0.934683404636737,0.4716733601107387
0.26831476233184837,0.9583845654175548
0.20954210900304365,0.9938703701195308
1.6501226229963828,-0.18712329941283945
-0.7017060916165405,0.6489947466178316
1.8454841451423891,0.20460125231382642
-0.6174218416239872,0.6952163233905644
1.1473338975683358,0.05929536360409397
1.8392520594933117,0.06387388590421503
-0.4631529890634152,0.8648721767650902
0.3582625590133456,0.9759036208455012
0.8939553294615126,-0.5227663444710566
0.7075561531966021,-0.4477424635965055
0.03629229267024678,0.9589385414010164
0.7193636860952659,-0.461895884288269
-0.84680890804353,0.39158081743108425
1.4929879921008598,-0.30312985479066423
1.974453624372872,0.39567148439846034
0.18648424287268012,-0.12872002391606635
1.2934907271731293,-0.47576148219753284
-0.29758517307146737,1.0004065167317084
0.9032765174590444,0.41408977541525765
0.8751194253022455,-0.5603891006774374
0.21131528143018644,-0.14119736924150392
1.025178656990409,0.0910399358726289
-0.9188392783742457,0.3910230819934143
0.9882454485901944,0.12472431001392614
1.0439498392682358,-0.47088369537559005
1.778788155005973,-0.24772432044974568
1.0114269799856996,-0.4129588831633766
1.1991175262817872,-0.43080195817209954
-0.5015722988722777,0.8341292642471015
0.25513623698926513,0.9376320407704766
0.8773615907669081,0.5699335381739998
-0.3912136902297476,0.9213644184639094
-0.6348016685689178,0.7974826028452366
-0.7343372754241348,0.74266415089894
-0.5855157936543951,0.7848704910306858
-0.9796909561317045,0.17070871254997655
1.3221600488366785,-0.4749088718634073
0.024520082406517922,0.16326622405443214
0.19332148911172362,0.029945965555130585
0.7251145757663974,-0.43420419286182355
0.9889946009562649,0.2729677825392061
1.9324991188190392,0.10732854527036834
0.4238740490942264,-0.382332180911066
0.5452585669547446,-0.4112485012639472
0.4663188461992115,0.8963575393680225
1.6052440809139488,-0.23146001354053655
1.627726951760897,-0.2470326870625621
-0.8751380251844263,0.6309596369504322
2.0027181842417545,0.247097074895489
1.8398212343696312,-0.09841241266214293
0.3018926912354226,0.9693603361374549
-0.33275477852431845,1.004502563480804
0.09258480205432232,-0.051431921564989824
1.7000844933805237,-0.25967407621764804
-0.04343218304465737,0.4539794308034817
1.8749648335434002,-0.01703990384711325
1.478676962825481,-0.45940612415290594
1.7832973762516042,-0.15624271294275047
1.9725514886639932,0.43800453178810705
1.9612648937815318,0.30531994557563674
-0.9321588993997673,0.0793394695471341
1.6626770873783605,-0.13927405567331255
1.9842565543064294,0.2919345880686031
0.6531323790466252,0.8183322880518441
0.9133546321719945,0.3600976012226177
0.7325464822897553,-0.3857450490049146
1.026625745987553,0.19213861106892857
0.8164496851306576,0.5856134391410214
-0.034285490467917235,0.3027751672122986
0.07598095017713151,-0.015508091009402937
1.90456932291575,0.5232614634883911
1.099456224363237,-0.4861856524808911
1.2755691751510938,-0.5261215608655485
-0.024339216053578396,0.3856538489803638
-0.6451032567989634,0.8081428400339791
-0.3870973159063556,0.8903284700229116
1.3391577758650164,-0.4101692582602633
1.5257005581014529,-0.37446973774828285
0.26227807909174494,-0.2543761956372847
0.04422561481164292,0.9469520764069914
0.07195011333217301,0.24678519839133906
-1.0478432125197694,0.10302675898100641
-0.9955659682072632,0.289536299668087
0.3670721951776025,-0.3420491563548309
-0.9821859670288852,0.14207853530011608
1.0226193978549565,0.08623971665512972
0.9033543498523122,0.3459933048015264
0.5588195333324826,0.8073129699819004
-0.9963231595115306,0.15507154940358203
0.8749971208060168,-0.4702122623726077
1.911296152000778,-0.030805537623029178
1.2791857871999532,-0.3486604685602055
-0.012370841264814122,1.0172653530777214
1.021697363079914,0.3318769402145237
-0.01897976976578581,1.0931161354943664
0.5490447825406132,0.9342447116283384
0.9707557078462626,0.21396091476303497
0.4511611195454395,0.9517434267790007
0.6516694507841709,-0.3643662840275737
0.9293290899610407,-0.4557501990644831
0.8077677207807834,0.6857278489056869
-0.15849885715951223,1.0376727203810072
0.9663454463379793,0.3816981863836504
-0.3550613308623602,1.0944323212647387
1.4407787931854723,-0.3139614404469251
0.915188872746797,0.4461135063671986
0.826288386080569,-0.39931363102029427
-0.6165597788692361,0.7458919421610386
0.234242844395875,0.9886631285447972
-0.18573431656937434,1.0164536417114582
-0.3482095878655465,0.9018989375833107
0.8477552077723925,-0.4443113445958333
-0.9462779320669296,0.34367093186451053
0.046129958178988656,0.46766825501192805
-1.04766102212417,0.08320726828114379
0.9337616212003174,0.23748649474071232
0.9589068174070312,-0.0392220434672234
0.6786626424058602,-0.37956243568210507
0.5233572893279097,0.9345866782676026
-0.23883117205439228,0.9118768917361141
-0.29424776337483727,0.9454138426698055
0.23065017479639327,-0.12327233377787003
1.4698344081738495,-0.40620254121713184
0.2599999803283977,-0.15864335952400796
-0.16502334703480598,1.069230044346732
1.9130729316514101,-0.09553334626858667
0.2821491738279392,-0.08926647560280679
-1.0063774469686309,0.11668017455428782
-0.9892001982266913,0.032197717520519864
0.3661435294596236,0.8858182977980318
1.515565720088271,-0.39384067187850597
1.9126762756273454,0.2681496659412461
0.6140552883156285,-0.45589938150834763
0.9401809961737446,-0.45803382929755077
1.9076949465800208,0.3520000807077535
0.9214802429390758,0.22687901330825658
0.5959046517137593,0.7548257498594195
1.0160836508350135,0.06387801394665352
0.9741973052103119,-0.5918395450501783
0.001317899031185915,0.5378061695803323
-1.0771927299690105,-0.015457681722846967
-0.3763879439721914,1.0428591188947094
-0.268396343124401,0.949844804728845
0.1681732703922114,0.1275647467142635
-0.8360705249801548,0.4605667205298314
-0.8422373355527004,0.5149725823687324
0.5955729972981376,0.7160305072609716
0.26798762927025277,0.9539747700505712
1.6433903191914392,-0.18830397940424531
0.4160455402380281,0.9090315399045052
1.5968818082190328,-0.3222281536180767
1.954505915932324,0.16392644859981842
1.8504975713862715,0.026416270236877877
0.47371956329336307,-0.4373167201384125
1.581161917944204,-0.3642900656885282
-0.001764091673179524,0.33623029419682937
1.894974346779246,-0.043284415531697054
0.8257832590832557,-0.44975206059308914
0.14297989235913883,-0.19721976682830714
1.8170428458741719,-0.16432917733417768
0.9902807042129557,-0.4301793455220385
1.9859864567082848,0.2250841483799152
0.8145786620330381,0.7308418326419848
1.5113758117397984,-0.28849058630744523
0.9612363099256663,0.013221885062891828
0.7904450218577572,0.6040521064359138
1.9900869592780521,0.2269803467310032
0.6954702143881345,-0.3269301597704839
1.0772714030468415,-0.4592949382683906
0.5769513033127898,0.9718500688010325
0.31909927803858235,0.8739681905017105
0.6309316157430764,-0.3863530984669038
-0.7411330910089453,0.763349269671076
-0.17992882323529957,1.0486167461342466
0.6346534804576777,-0.5011160023058143
1.044306880564446,0.030329712165290165
0.09110170094495662,0.08035520516297442
1.7761718753889806,-0.11925941738540519
0.07290954439024769,0.15179072295370888
-0.07520250813364115,0.48853626986922793
0.8771574855189203,-0.4395084077112562
-0.6765538464159735,0.6551306654148279
-0.8137670061514868,0.5762593938298014
0.06677154850722149,0.075458519881165
1.5777303244031908,-0.3096950367692302
0.9430514271266729,0.10641016456549532
1.2914522522587073,-0.39920711811482984
0.4686664722905256,0.8649353883321192
-0.5865512878363575,0.9184781118434208
-0.7544576037425152,0.7086485622838319
0.07750535819972232,0.2390313841419952
0.42421096856814056,0.8525883205295368
0.02173573629716509,0.2623520456390056
1.4386580970948193,-0.3496216033044857
0.02304262691696927,0.4544464658412318
0.5530465475792796,0.8390880272087741
0.3687691943170121,-0.16177768090852623
-0.8878537447647219,0.47628649791059696
0.2812644986870898,-0.11256872730654861
0.30989165851641687,-0.16300945635974787
1.7085876893032674,-0.2978104382205303
0.17238001458564223,0.010934103293050675
1.6356083697624266,-0.34672428086712864
1.9405777929661312,0.1875304962537295
0.32474600351892274,-0.22270151312862455
-0.42189001987901215,0.8854695727457672
1.9187500239336641,0.2879038431197578
-0.1416358981030547,0.9350652038896191
1.5374034401736516,-0.3190858304985439
0.5297084091615396,-0.3543343224400904
-0.9674090750654117,0.1859542972702608
-0.503521353084734,0.8043597335039048
-0.015068359975339556,0.26193051892579133
0.02724437962859105,0.474787521818874
-0.788751797860398,0.5223113175844826
-0.8362382047328222,0.43697949393271307
0.2303374477038306,-0.14972442734439542
1.9064975281410632,0.0651729069061779
0.38542402618591604,-0.30919501752893014
-1.0975477979889194,0.2057300586678532
-0.834844296478275,0.3803358570105786
0.735217533234421,0.6546308880511897
1.8050813286544456,-0.05282980544807639
0.3548015333919538,-0.30878786907943573
0.5757162974293834,-0.5083864117570157
1.690249902934844,-0.22736641886313838
0.797686415521525,-0.47850686031327505
0.478303921074232,-0.36355611793240494
1.2770250784715733,-0.4925447971800129
-0.016125820956203213,1.0514592019792908
2.049763974888546,0.352510610418819
1.9359580475763132,0.2228176217690366
0.344544913743856,-0.30667121031379024
0.014489058212950528,0.9763992063365886
0.4735819320198524,-0.3838146961720557
1.7138662216416225,-0.18419952174337934
